seite;speerName;produkt;quelle;kartenname
616;Ackermann Fahrzeugbau;Fahrzeuge und Karosserien;;Ackermann Fahrzeugbau
616;AG für Bergwerksbedarf;Wälzlager, Gleitlager für Flak- und Panzerprogramm, Maschinenteile für den Bergbau;RWWA 22-349-6;AGEB - Aktiengesellschaft für Bergwerksbedarf
616;G. & R. Alvermann;Flügelschäfte für 8 cm Wgr. 34;RWWA 22-28-10;G. & R. Alvermann
616;Carl Bauer;hochfeste Schrauben für Flugzeuge und Panzer (eigene Auskunft);SAW, Bauakten, Nachtigallenweg;Carl Bauer
616;I.G. Farbenindustrie (vorm. Friedrich Bayer);"Arzneimittel lt. Brandt-Programm; chem.-techn. Produkte: Lackrohstoffe, Vorprodukte für PSV, Vulkanisierungsbeschleuniger für Buna";RWWA 22-349-6;I.G. Farbenindustrie AG Werk Elberfeld
616;Muttern- und Schraubenfabrik Karl Becker;"Schrauben, Muttern u. Fassondrehteile für HochleistungsFlugzeuge, Flak, LKW, Panzerwagen, Faustpatronen, U-Bootbau (Führer-Notprogramm); Schrauben, Muttern u. Fassondrehteile für zivile Fertigung";RWWA 22-349-6;Karl Becker
616;J.P. Bemberg AG;Fallschirmseide;;J. P. Bemberg AG.
616;Bemetallwerke GmbH;Stahlhülsen;RWWA 22-28-12;Bemetall-Werk GmbH
616;Berns, Ferdinand;Beschlagteile für Flugzeuge, Beschlagteile für Infanterie-Sturmgeschütze ;RWWA 22-349-6;Ferdinand Berns
616;Robert Birkelbach GmbH;Wellen für Seitenrichtmaschine Schwere Flak 8,8 cm;;Robert Birkelbach GmbH
616;Erich Birker;Unterkunftsgerät;RWWA 22-28-12;
616;Gebr. Birker;Schmiedestücke für Fahrzeugbau, Holzbearbeitungswerkzeuge;RWWA 22-349-6;Gebrüder Birker
616;Fahrradwerke Bismarck AG;"Munition 7,5 cm Gr. 38, Aufschlagzünder; Zünder K. A. Z. 23 (Rüstungs-Notprogramm)";RWWA 22-28-10, RWWA 22-349-6;Fahrradwerke Bismarck A.G.
616;Block & Vaupel;Jäger-Programm;RWWA 22-28-12;Block & Vaupel
616;C. Blumhardt;Sonderanhänger für Flakprogramm;RWWA 22-349-6;C. Blumhardt
616;Bocklenberg & Motte (Bomoro);"Schlösser für Panzerprogramm und für Zug- und Schlepp-Kiz; Schlösser u. Beschläge für Kfz-Programm (z. T. Flak- u. Infanterieorg.), Schlösser u. Beschläge für Flugzeuge";RWWA 22-349-6;Bocklenberg & Motte (BOMORO)
616;Hermann Boldt;Junkers 88-Programm;RWWA 22-28-12;
616;Gebrüder Brill;"Bearbeitung von Geschossen (Sperrwaffen); U-Boot-Armaturen; Guß-Halbzeugzulieferartikel";RWWA 22-28-1, RWWA 22-349-6;Gebr. Brill
616;Brünninghausen & Co.;Teile für Flugzeugmotoren;RWWA 22-28-12;
616;de Bruyn, Werner, Uhrmachermeister;Fertigung von Borduhren, Produktion innerhalb des Fertigungsringes N 9, Leitung Helmut Junghans, Schramberg Württbg.;BundesA-MA: RL 3 — 1666;
616;D. Budde;Gas- und Atemgerät;RWWA 22-28-12;
617;C. Buker;Werkstofflieferant für Infanterie-Rüstungsprogramm sowie Infanteriemunition zu MP 43;RWWA 22-28-10;
617;Alfred vom Cleff;"Schrauben und Spezialschrauben für Fahrzeug-, Waggon- und Barackenbau, Bergbau und landwirt. Maschinen; Notprogramm Flakmunition";RWWA 22-349-6;Alfred vom Cleff
617;J. vom Cleff A. Sohn;Schrauben und Muttern für Flak, Generatoren, Munition und U-Boote;RWWA 22-349-6;J. vom Cleff A. Sohn Schraubenfabrik
617;Erich Clerck;"Aufbauten von LKW für Fordwerke Köln; Generator-Law (Sonderauftrag des Führerhauptquartiers); Sattelschlepper-Zugmaschinen mit Generator-Antrieb für d. Transportkorps Speer; Krankenwagen für das DRK ";"SAW, Bauakten, Bhf. Cronenberg; RWWA 22-349-6";Erich Clerck
617;Alexander Dahl, Lederfabrik;"Flugzeugbezüge; Pioniersturmgepäcke; Koppeltragegestelle; Patronentaschen";RWWA 22-349-6;
617;Carl Döhl Söhne, Werkzeugfabrik;"Werkzeuge für Flugzeugklempner, Blechschmiede und -schlosser; Aufträge der Reichsbahn u.d. Rüstungsindustrie (Fliegerschäden);";RWWA 22-349-6;
617;Paul Eigenbrodt;"Kistenfabrikation für Wehrmacht, Jäger- und Heimatschutzprogramm, für Blitzprogramm, für Brandt-Programm, für Proviantabwurf und Bombenmassenabwurf;";RWWA 22-349-6;Paul Eigenbrodt
617;Elberfelder Papierfabrik AG;Minen;RWWA 22-349-6;Elberfelder Papierfabrik AG
617;Elspermann & Jäger;Panzerwagen;RWWA 22-28-12;
617;Epeda-Werk Rudolf Platte;Flügelschäfte 8 cm Wgr. 34;RWWA 22-28-12;Epeda-Werke Rudolf Platte
617;Flugzeugbau G. Espenlaub;Flugzeugreparaturen, Teileproduktion;RWWA 22-349-6;Gottlob Espenlaub
617;Fahrzeugbau Ed. Eylert;Kraftfahrzeuge und Anhänger;RWWA 22-349-6;Eduard Eylert
617;Gebr. Fleuss;Gesenkschmiedeerzeugnisse für Rüstungs-Notprogramm und SS 4900;RWWA 22-349-6;Gebr. Fleuss
617;M. Flues & Co.;Techn. Chromleder für Wehrmachtszwecke, für Wasserbauämter, für den Bergbau und für die Reichsbahn;RWWA 22-349-6;M. Flues & Co.
617;Hugo Freund;Schlosser- und Maurerhämmer für Zi SS und Fliegerschäden;RWWA 22-349-6;
617;Heinrich Frickenhaus;"Phosphatierung für Munitionsteile für Flak-, Minen- u. sonstige Geschoßzünder; Phosphatierung von Munitionsteilen f. Leuchtmunition; Ausrüstung von Materialien für Ordensbänder";RWWA 22-349-6;Heinrich Frickenhaus
617;Frölich & Klüpfel;Maschinen und Einrichtungen für den Bergbau;RWWA 22-349-6;Frölich & Klüpfel
617;Gebhard & Co. AG;"Schwingarmlager für Panzer; Radnaben für Wehrmachtsfahrzeuge; mitlaufende Körnerspitzen; Umkehrkrümmer für Geilenberg-Programm; T-Stützen";RWWA 22-349-6;
617;August Görts KG;"Hohlladungsgeschosse; Bauklammern für Pioniergerät; Drehteile für 8,8 cm Brennschrapnell; Einzelteile für Flakmunition; Nieten für Wehrmacht, Bergbau, Reichbahn sowie für das Gerät VG; Laschen für Pioniergerät; Eisenwaren für Mindestbauprogramm und Fliegerschäden";"RWWA 22-28-12; RWWA 22-349-6";August Görts KG
617;Graef & Kunhenn;"Jäger-Programm; Sägeblätter für Hand- u. für Spezialsägen; Rüstungsnot-Programm";"RWWA 22-28-12; RWWA 22-349-6";Graef & Kunhenn
617;Grote & Hartmann;Kabelschuhe;RWWA 22-28-10;
617;Gutehoffnungshütte AG;Sinterdolomit für Martinwerke, Thomasstahlwerke, u. Giessereien der GHH AG Oberhausen;RWWA 22-349-6;Gutehoffnungshütte AG Oberhausen [Dolomit-Steinbruch Lüntenbeck]
617;Carl de Haas, Garnfärberei;Garnfärberei-Wehrmachtsaufträge, für RLM und für Flak-Programm;RWWA 22-349-6;
617;Halbach & Meister;"Vergütungs- u. Härtearbeiten für Panzerschreck und Panzerfaust; für Panzer-Lenkgetriebe u. a. Panzerfertigungen; für Flugzeugmotoren und andere Luftwaffenfertigungen; Gerät G T 20 Fat für Marinefertigung; verschiedene Rüstungsfertigungen (z. T. Rüstungs-Notprogramm)";RWWA 22-349-6;
617;Halstenbach & Co.;"Einzelteile für Zielgeräte und Teile für Volksgewehr (Führer-Notprogramm; autom. Spulmaschinen, Ersatzteildienst";RWWA 22-349-6;Halstenbach & Co.
617;Hamba-Maschinenfabrik Hans A. Müller;"Teile für Hochleistungsflugzeuge (Rüstungs-Notprogramm); Teile für Handfeuerwaffen und Volksgewehr";RWWA 22-349-6;Hamba Hans A. Müller GmbH & Co. KG
617;Hansa-Werk Gustav Rafflenbeul bzw. E. Berning;"Pendellager, Gleitlager, Hebel und Naben für Bedienungsanlagen (Jägerprogramm, Führer-Notprogramm); Kleinmetallwaren, Knöpfe, Drahtverschnürungen (indirekter Wehrmachtsbedarf und kriegswichtiger Inlandsbedarf)";RWWA 22-349-6;Gustav Rafflenbeul, Schwelm [=Hansa-Werk und Raffawerk Gustav Rafflenbeul]
617;Gebrüder Happich GmbH;Ausrüstungsteile für Fahrzeugaufbauten einschl. Kettenund Halbketten-Fahrzeuge (Panzer);;Gebr. Happich GmbH
617;Albert Hasselkus;Hasselkus-Fangbänder;RWWA 22-28-12;Albert Hasselkus
617;Hecker, Theodor, Uhrmachermeister;Fertigung von Borduhren, Produktion innerhalb des Fertigungsringes N. 9, Leitung Helmut Junghans, Schramberg Württbe;BundesA-MA: RL 3 – 1666;
617;Hein, Werner;Zulieferteile für Rheinmetall, Borsig, Krupp, Junkers, Leunawerke. — Entwicklung und Beschaffung schwerster Abwurfmunition (Y-Progr.);HStAD: Gerichte Rep. 92/149;
617;Carl Helsper;Werkzeuge, Axte und Beile (Zi-SS 4900-4950);RWWA 22-349-6;Carl Helsper
617;Hermann Hemscheidt;"Stoßdämpfer für Panzerwaffe: Panzer III, Tiger, Panther (Führer-Notprogramm); Teile für Volksgewehr-Aktion; Zulieferungen für Panzerjäger und Panzerkampfwagen; Bergbauzubehör";RWWA 22-28-12, RWWA 22-349-6;Hermann Hemscheidt
618;Dr. Kurt Herberts;Anstrichstoffe für Fahrzeuge der Luftwaffe und Marine, Tarnfarbe für Bunker;Bundes-MA: RL 3 — 160 BundesA-MA: RL 3 — 160 Stolzenbach, H.: Von der Arbeit im Sudhaus zur Lackchemie;Dr. Kurt Herberts & Co.
618;Wilhelm Hermes KG;zweiteilige Kabinen für Flugzeug Me 109;BundesA-MA: RW 21-16/15, RW 21-16/16;Wilhelm Hermes KG
618;Ernst Herzog;Färben und Appretieren von Garnen: für Fliegerreißverschlußband, für Wehrmachtseinheitstuch, für Militäreffekte, für Wehrmachtshosenband, für Ziviltuche;RWWA 22-349-6;
618;Gebr. Hilgeland;"führend in der Herstellung von Maschinen zu Schraubenherstellung in der Flugmotorenindustrie; Kugellager-Schnellaktion Keßler; Gewindefeinwerkzeuge u. Ersatzteile";BundesA-MA: RW 21-16/1, RWWA 22-349-6;Gebr. Hilgeland
618;Hindrichs-Auffermann;"Infanterie-Munition und Pistolen, Flugzeuge und Panzer [-teile), Lagerbüchsen; Gerät SD 2: es handelt sich um 2 kg-Bomben, die in großen Mengen auf lebende Ziele abgeworfen werden und in der Luft über dem Ziel krepieren.";RWWA 22-28-12, RWWA 22-28-10, BundesA-MA RW 21-16/3;Hindrichs-Auffermann A.G.
618;Homann-Werke W. Homann;"Abwurfbehälter, Blitzlichtbombe VI C 50, 15 cm Granate, Schützen-Min[e] 35; wesentliche Teile des Hochleistungsflugzeuges Me 262 (Führer-Notprogramm);";"BundesA-MA RW 21-16; RWWA 22-349-6";Homann-Werke Wilhelm Homann
618;Hüsecken, Holzrichter & Co., Kaltwalzwerk;Bandstahl, kalt gewalzt u. lackiert für Munitionsprogramm (Führer-Notprogramm, SS. 4924);RWWA 22-349-6;Hüsecken, Holzrichter & Co.
618;Hund & Lauterbach;Brandschrapnell 8,8;RWWA 22-28-12 ;
618;Theodor Imhäuser;Axte und Beile für die Wehrmacht, die Organisation Todt, Reichsarbeitsdienst, Fliegerschäden und für sonstige Kriegsauflagen-Programme.;"SAW, Gebäudeakten, Theishahner Str. 44/46; RWWA 22-349-6";
618;Fritz Imhof;"Herstellung von Grauguß für den Maschinen- und Spezialwerkzeugmaschinenbau (SS. 4900 W — SS 4950; Zi; O; I; Führer-Notprogramm)";RWWA 22-349-6;
618;Gebrüder Itter;Herstellung von Kneif- und Monierzangen und dto. Rohlingen für den direkten und indirekten Wehrmachtsbedarf (div. Programme);RWWA 22-349-6;Gebr. Itter
618;G. & J. Jaeger;Rollen-, Nadel- und Kugellager als Zulieferartikel;RWWA 22-349-6;G. & J. Jaeger GmbH
618;Hermann P. Jung;Forstwerkzeug für die Gewinnung von Generatorholz (Rüstungs-Notprogramm);RWWA 22-349-6;P. Hermann Jung
618;Kabel- und Drahtwerk auch: Kabel- und Gummiwerk AG;Jägerprogramm;;Kabel- und Drahtwerk AG (an anderer Stelle: Kabel- und Gummiwerk AG)
618;J. C. F. Kaufmann;"Halter für Stollenketten [von Panzern], Benzinhähne aus Zink und aus Eisen für Panzerkraftwagen, Bügel R 5 D; Kompaßfassung für Heer; Gurtzuführungen für Flakwaffen; Muldenkontakte für HochleistungsFlugzeuge; Einschweißstücke für Hochleistungsflugzeuge; Preßgasbehälter für V-Waffen; Ventilgehäuse für Marine Sperrwaffen; Buchsen für Marine Sperrwaffen; Gabelköpfe für Infanterie LKW; Sonstiges";RWWA 22-28-12 RWWA 22-349-6;J. C. E.Kaufmann
618;Ewald Kellermann;Isolierband;;Ewald Kellermann
618;Julius Peter Klärner;Spezialwerkzeuge für Schiffswerften, Flugzeugfabriken, Eisenbahnwerkstätten und Waggonfabriken sowie für Fabriken für Barackenbau;RWWA 22-349-6;
618;Hermann Kluge;Schützenminen;RWWA 22-28-10;Hermann Kluge
618;A. Knappstein & Co. KG;u. a. Ruderanlagen für U-Boote in Zusammenarbeit mit Atlas-Werken, Bremen;BundesA-MA, RW 21-16/7;A. Knappstein & Co. KG
618;Köhler & Bovenkamp;Rüstungsgerät;RWWA 22-28-12 ;Köhler & Bovenkamp
618;Kolb & Co.;"Ju- 88 - Programm; Geräte, Drehteile, Schrauben u. Muttern für Hochleistungsflugzeuge; dto. für U-Boote (Führer-Notprogramm)";"RWWA 22-28-12; RWWA 22-349-6";Kolb & Co.
618;Alfred Koll;"Schmiedeteile aus Sonderstahl für Hochleistungsflugzeuge (FührerNotprogramm); Schmiedeteile für Panzerfahrzeuge und für Motoren";RWWA 22-349-6;Alfred Koll
618;Maschinenfabrik Krähwinkel;Jäger-Programm;RWWA 22-28-12;
618;Hans Kreis jr.;Jäger-Programm, Nordpol-Programm (= Nachrüstung aller Flugzeuge mit Funkanlagen);RWWA 22-28-12;
618;Daniel Kremendahl;Pioniergerät, Werkzeuge;RWWA 22-28-12, RWWA 22-349-6;Daniel Kremendahl
618;Gebr. Kremer;Pioniergerät;RWWA 22-28-12;
618;Emil Krenzler;"3,7 cm Sprenggranaten 18, Munition; Betrieb I: Munitionsbearbeitung für Flakmunition, Bau von Kabel- und Drahtflechtern Betrieb II: Werkzeugmaschinen, Teile für Richtgerät";RWWA 22-28-12, RWWA 22-349-6;Emil Krenzler
618;Kromberg & Schubert;"Isolierte el. Leitungen; abgebundene Schnüre für Nachrichtenwesen und Waffenbau; Kabelsätze für Kfz-Industrie; Elektromotorenbau und Reparaturen für die Flak 88; Marine Reparaturen; Infanterie-Munitions-Programm einschließlich 400 lg. Feldkabel; Panzerabwehr-Programm; Lkw und Zkw; Reparaturen von Elektromotoren für den Rüstungsbereich. (alle: Rüstungs-Notprogramm)";RWWA 22-349-6;Kromberg & Schubert (Kroschu)
619;Krüger, Alfred, Uhrmachermeister;Fertigung von Borduren, Produktion innerhalb des Fertigungsringes N 9, Leitung Helmut Junghans, Schramberg Württbg.;BundesA-MA: RL 3 = 1666;
619;Kunstdarm GmbH;Herstellung von Kunstdärmen für Wehrmacht und lebenswichtigen zivilen Bedarf;RWWA 22-349-6;Kunstdarm GmbH
619;Fr. Krupp AG Essen, Niederlassung Wuppertal;Hartmetall-Fertigung (Zi SS 4900, Führer-Notprogramm);RWWA 22-349-6;Fried. Krupp AG Essen, Zweigwerk „Dreherei Wuppertal“ / „Widia Wuppertal“
619;D. La Porte Söhne;"Ölflaschenhalter, Gasmaskenschnallen, Karabinerhaken. Schlösser- u. Wehrmachstfahrzeugbeschläge f. Panzerfahrzeuge u. LKW; Bombendeckel; Teile für Funkmessgeräte; Möbelschlösser für Wehrmachtsbedarf u. Fliegergeschädigte";"VDI (Hg.): Technikgeschichte aus dem Bergischen Land, S. 197; RWWA 22-349-6";D. La Porte Söhne
619;Walter Lehnemann;Säcke für Flugzeugnieten, Arbeitsschutzbekleidung;RWWA 22-28-12;Walter Lehnemann
619;Leimbacher Hütte Hollweg & Co. K. G. Eisengießerei;"Handfeuerwaffen, Munition, Flak, Panzerwagen, LKW, PKW, Schlepper, Generatoren, Tornister-Funkgerät, Reparatur-Bedarf, Teile für U-Boot- und Schiffsbau-Programm; Teile f. Geilenberg-Programm";RWWA 22-349-6;Leimbacher Hütte Hollweg & Co.
619;Karl Lenzner;blankgedrehte Fassonteile in Präszisionsausführung für Aktion 88, FlakAktion, Jägerprogramm, Hochleistungs-Flugzeuge (Führer-Notprogramm);RWWA 22-349-6;Carl Lenzner
619;Carl Leschus & Co. = Firma Julius Klein;Koppeltragegestelle;RWWA 22-28-1;
619;A. Lüttringhaus;Waffen;RWWA 22-28-12;
619;August Luhn & Co. GmbH;"Seifen und Waschmittel für den zivilen Sektor; Seifen u. Waschmittel für Wehrmacht und Bergbau; Glycerin-Herstellung; Weichmacher für Brandt-Geräte; Fettsäure für Buna-Fabrikation";RWWA 22-349-6;August Luhn & Co. GmbH
619;Friedrich Marcus;"Schmiedeteile für Hochleistungsflugzeuge (Führer-Notprogramm); Aufarbeitung von Oberbaustoffen für die Reichsbahn zur Beseitigung von Bahnund Gleisschäden";RWWA 22-349-6;Friedrich Marcus
619;Meckenstock, Otto, Uhrmachermeister;Fertigung von Borduren, Produktion innerhalb des Fertigungsringes N 9, Leitung Helmut Junghans, Schramberg Württbg.;BundesA-MA: RL 3 — 1666;
619;Metzenauer & Jung;"Tornisterfunkgerät; Funkmeßgerät; Selbstschalter; Stecker; Schaltgeräte";RWWA 22-349-6;Metzenauer & Jung
619;Meyers & Nolte;Torpedofertigung;RWWA 22-28-12;
619;Mittelsten-Schee & Co.;"Geschoß-Rohlinge, Munition; Kopfteile für 8 cm Wgr. 34";"RWWA 22-28-12; RWWA 22-28-10";Mittelsten-Schee & Co.
619;Hans Moog bzw. Deutsche Leucht- und Signalmittelwerk;Leucht- und Signalmunition;RWWA 22-28-10;Hans Moog [=Deutsches Leucht- u. Signalmittelwerk Dr. Feistel KG]
619;Carl Neuhaus;Herstellung von Spachteln und Maurerkellen für Sofortmaßnahmen, Heereswaffenamt, Luftwaffe, Heer und Reichsbahn;RWWA 22-349-6;
619;Neuhaus & Sohn;"Brandt-Programm; Kartuschbeutel / gassichere Gewebe und Papiere";Festschrift 1968;Neuhaus & Sohn
619;Werner Neumann;Produktionen für Luftwaffe und Bergbau;;Werner Neumann
619;W. & M. Ostermann;"Bearbeitung von Zahnrädern für die Seitenvorgelege an Panzerwagen; Bodenstücke M 8 — 16 und Köpfe von Geschossen; Herstellung von Tandemschlauchumflechtmaschinen (Jäger-Programm); Herstellung von Getrieben (Engpaß-Programm);";RWWA 22-349-6;W. & M. Ostermann
619;Gebrüder Pandel;"Herstellung von Axten und Beilen f. die Wehrmacht (DringlichkeitsProgramm Gewalt-Aktion, Kugellager-Schnellaktion, Ostprogramm Reichsverteidigung, Geilenberg-Programm, Jägerprogramm);";RWWA 22-349-6;Gebr. Pandel
619;Wilhelm Pandel;"Pioniergerät (Schanzzeug); Gesenkschmiedestücke f. Flakmunition, für Panzerfahrzeuge, für Abwurfmunition,";RWWA 22-28-12, RWWA 22-349-6;Wilhelm Pandel Werkzeugfabrik
619;Wilhelm Pass;Herstellung von Werkzeugen (Axte und Beile) für: Luftwaffe und Geilenberg-Programm, Marine, OT (Schanzwerkzeuge), Fliegerschäden, Wehrmacht;RWWA 22-349-6;Wilhelm Pass
619;Joh. Hermann Picard;"Hämmer u. Werkzeuge für Panzerbau und für Frontbedarf der Truppe; Werkzeuge für Wehrmacht-Hufbeschlag, für Marine, für Flugzeugbau";RWWA 22-349-6;Joh. Hermann Picard
619;Maschinenfabrik Paul Prause;Bearbeitungsvorrichtungen für Panther, Panzer, Kabelmaschinen, Geschoßfüllanlagen;RWWA 22-28-12;Paul Prause
619;Presta Metallwaren GmbH;"Metallgießereierzeugnisse mit Verarbeitung, u. a. Geräte für Sturmgeschütze; Metallgießereierzeugnisse mit Verarbeitung, u. a. Zünderteile (Rüstungs-Notprogramm)";RWWA 22-349-6;Presta-Metallwerk GmbH
619;Prinz & Kremer;Maschinenmesser für die Metall-, Papier- und Holzindustrie sowie für die Reichsbahn;RWWA 22-349-6;Prinz & Kremer
619;C. Gustav Putsch;"Zangen für Hufbeschlag und Heereswaffenamt; Zangen für InfanterieRüstungsprogramm; Zangen für Spezialzwecke der T; Zangen für allgemeinen Bedarf der Wehrmacht";RWWA 22-349-6;Knipex - C. Gustav Putsch
619;Wilhelm Quadt;geeichte Meß- und Wickelmaschinen für Luftwaffe;Zeugenbericht;
619;Wilhelm Quante;Sauerstofferzeugnisse und elektrotechnische Erzeugnisse bzw. Zulieferungen für Fernmeldetechnik (Funkgeräteschränke, Aufbaueinsätze);RWWA 22-349-6;Wilhelm Quante
619;Rahm & Kampmann;Flügelschäfte für 8 cm Wgr. 34;RWWA 22-28-10;Rahm & Kampmann
619;Rudolf Rautenbach GmbH;Aluminium-Motorblöcke für Flugzeuge (größter Hersteller im DR. Ringführer);BundesA-MA: RW 21-16/11;Rudolf Rautenbach GmbH [Zweigwerk Wuppertal-Barmen]
619;E. u. W. Reitz;Uniformen;;E. u. W. Reitz
620;Rittershaus & Blecher;"Bearbeitung von Flugzeug-Stahlgußteilen; Vorrichtungen; Bergbauerzeugnisse sowie -reparaturen;";RWWA 22-28-12, RWWA 22-349-6;Rittershaus & Blecher
620;H. &. G. Rüger;"Präzisionsteile (Dreh- u. Frästeile) für Flakwaffen (Rüstungs-Notprogramm); Breitgewebe für Fliegergeschädigte";RWWA 22-349-6;H. & G. Rüger
620;G. H. Sachsenröder;"Herstellung von technischem Vulkanfiber; von Kerasitdärmen für Lebensmittel Verpackung (50 % Wehrmacht, 50 % ziviler Bereich); von Kammgarnpergamentpapier für Walzenbelag von Kammgarnspinnereien (damals einziger Hersteller im DR); Entwicklungsarbeiten im Auftrag des Reichsluftfahrt ministerium zur Herstellung von wasserfester Zellulose";RWWA 22-349-6;G. H. Sachsenröder
620;Schaeffer-Homberg GmbH;"Gasschutzgeräte; Stanz- u. Ziehteile für Zünder, Handgranaten, Waffen; Flak- und Bordmunition Flugzeuge- und Luftwaffen-Ausrüstung; Kraftfahrzeuge; Band-Geräte [Brandt-Geräte?) Heeresausrüstungen; Lieferungen für Kriegswirtschaft und Export";"RWWA 22-28-12; RWWA 22-349-6";Schaeffer-Homberg GmbH
620;Gebr. Schlieper;"Jäger-Programm; Seerose-Programm";RWWA 22-28-12;
620;Schlieper & Laag;Gasschutzgeräte;RWWA 22-28-12;Schlieper & Laag GmbH
620;Schmahl & Schulz;R - Mi[nen] 43;"RWWA 22-28-10; RWWA 22-28-12";Schmahl & Schulz
620;Reinhart Schmidt GmbH;"Umschläge, Feldpostbriefe u. Beutel für die Wehrmacht u. Rüstungsindustrie; als direkte Wehrmachtsaufträge; für den zivilen Sektor in unmittelbarem Verkehr mit der Wehrmacht";RWWA 22-349-6;
620;Schmitt & Co., Maschinenfabrik Barmenia;"Flugzeugmotorenteile (Jägerprogramm); 7,3 cm R-Sprenggranaten für Flakmunition; Instandsetzung v. Werkzeugmaschinen";RWWA 22-349-6;
620;Max Schmitz, Präzisionsdreherei;"Unterlieferant von Albawerke Lübbertzmeier; arbeitet für die Reichsverteidigung (Flugzeugteile für die Me 210) und innerhalb des Mineralölprogramms";HStAD: Staats A Wuppertal, Rep. 92/182;
620;Dr. Schmitz & Apelt;Industrieöfen (Glüh-, Härte-, Vergüte-, Schmiede- und Schmelzöfen sowie Ofen für die chem. Industrie, Glüh- und Härtekästen aus Eisen) für Rüstungsbetriebe;RWWA 22-349-6;Dr. Schmitz & Apelt
620;Otto Schnicks;"Munitions-Packgefäße; Werkzeugkästen u. Windenklötze für Panzer; Verpackungskisten";RWWA 22-349-6;Otto Schnicks
620;Schomburg & Graf;"Gummiformartikel f. LKW-Reifenersatzteile; für Bordnetzgeräte; für Reparaturmaterial";RWWA 22-349-6;Schomburg & Graf
620;Franz Schönberg;Barackenbau;;Franz Schönberg
620;Johann Wilhelm Schürmann;"Formpuder für Gießereien; dest. Wasser und Akkumulatorensäure (für Rüstungsindustrie, Wehrmacht, Off. Auftraggeber, Reichspost, Reichsbahn); Essigsaure Tonerde (Brandt-Programm); elektr. chem. Badesalze u. elektr. chem. Entfettungs- und Poliermittel; Feuerschutzmittel für Wehrmacht und Industrie; Rostschutzmittel f. d. Einlagerung hochwertiger Ersatzteile für Waffen und Geräte";RWWA 22-349-6;Joh. Wilh. Schürmann
620;Erich Schulte;schwere Flak 3,5 [Munition? Geschützteile?];RWWA 22-28-12;Erich Schulte
620;Schulze &. Wehrmann;"Beschilderungen von Feldküchen; Emaillierung von Schleißblechen für Kohlen-Wendel-Rutschanlagen (Bergbau); Zulieferungen für GeilenbergProgramm (Maschinen- und Kranschilder, Bedienungsvorschriften); emaillierte u. lackierte Signalartikel für die Deutscher Reichsbahn; Emaillierung von Wehrmachtsbacköfen (Horlebeck-Ofen), Backformen, Wasserstandsregulatorkästen und Pfannen";RWWA 22-349-6;
620;Peter Schumacher Otto Schumann;"DOV-Köpfe; Flügelschäfte für 8 cm Wgr. 34 Barackenbau";RWWA 22-28-10;Peter Schumacher
620;Siemens-Schuckertwerke AG, Niederlassung Wuppertal;Jägerstab (des Jäger-Programms) ;RWWA 22-28-12;
620;Siller & Jamart;Behälterbau für Geilenberg-Programm (Benzingewinnung durch Hydrierwerke).;;Siller & Jamart
620;Wilhelm Soennecken;Freiformschmiedestücke aus Eisen u. Stahl für verschiedene Flak- und Munitionsprogramme;RWWA 22-349-6;Wilhelm Soennecken
620;Ewald Speth;"Zuliefererung oder Weiterverarbeitung für Ford-Werke AG, Köln; Kupplungsteile für BMW-Motoren und Junkersmotoren (Flugmotoren); Getriebeteile für Panzerwagen; Getriebeteile für U-Boote";"Bf. d. Ford-Werke v. 24.8.2000; RWWA 22-349-6";Ewald Speth
620;Paul Spieker;Flugzeugausrüstung;RWWA 22-28-12;Paul Spieker
620;Stocko;MG-Zubehör, MG-Gurte, Panzermotorenteile, Flügelachse, Flügelschäfte, Teile für Zünderstellmaschine, Schuhösen, D-Gewindekörper Troisdorf, Aderendhülsen, Bombenzünderteile, Rohrnieten, Lötstifte, Lötösen, Kontaktstifte;RWWA 22-28-10 RWWA 22-349-6;Stocko
620;H. & W. Stoll;Axte, Beile, Rindenschäler für RM für Rüstung und Kriegsproduktion und Lieferfirmen für Fliegergeschädigte;RWWA 22-349-6;
620;Ernst Thielenhaus;"3,7 cm Sprenggranaten 18 ; Teile für Flugzeugmotoren; Wurfgranaten";RWWA 22-28-10;Ernst Thielenhaus
620;Tornax GmbH;Jägerprogramm;RWWA 22-28-12;Tornax GmbH
620;Trierer Walzwerk AG;"Werkstoffe für Infanterie-Rüstungsprogramm; Infanterie-Munition und Pistolen kaltgewalzter Bandstahl insbesond. Halbzeug für Munitionsprogramm";RWWA 22-28-10 RWWA 22-349-6;Trierer Walzwerk AG
621;Vorwerk & Co.;RE-1, Geschützgetriebe, Geschosse 10,5/ DOV u. a. m.;Battenfeld/Speer: Vorwerk & Co., S. 180-182;Vorwerk & Co.
621;Vorwerk & Sohn;"Vollgummireifen für Geschütze und Spezialfahrzeuge der Wehrmacht, der Rüstungsindustrie und der Reichsbahn, Laufräder und Bandagen für Gleiskettenfahrzeuge, Heftpflaster, Altgummiaufbereitung, Isolierband, Schläuche, Konservenringe, Gummiabsätze u. a., Entwicklungsarbeiten im Auftrag des Reichsluftfahrtministerium zur Herstellung von Zellenkautschuk; im Auftrag des OKH zur Neukonstruktion von Gleiskettenpolstern für Panzer sowie zur Herstellung verschiedener Artikel für den Gasschutz";Archiv Vorwerk & Sohn;Vorwerk & Sohn
621;Wagner & Co.;Isolier-, Kabel- und Asphaltbänder u. op. Gewebe (Notprogramm, Geilenberg-Programm);RWWA 22-349-6;Wagner & Co.
621;Fritz Weeren;Flügelschäfte für 8 cm Wgr. 34;RWWA 22-28-10;Fritz Weeren
621;Wesenfeld, Dicke & Co.;Chem. Betrieb: Wolfram-Produkte, panzerbrechende Munition, Hartmetallwerkzeuge Metallhütte-Betrieb: Lagerweißmetalle sowie Spezial-Lagermetalle;RWWA 22-349-6;
621;Gebrüder Westip, Riemendreherei;"Wehrmachtsbedarf; lebenswichtiger und Medizinal-Bedarf";RWWA 22-349-6;
621;Paul Wever Inh. Hans Ziller ;"Flakaktion; Förderbandreparatur (Bergbau im Notprogramm); Geilenbergprogramm; ";RWWA 22-349-6;
621;Eduard Wille;U-Bootteile, Panzerteile, Zulieferteile für Focke-Wulf;;
621;Gebr. Winkelsträter;Abwurfgeräte, Anwärmgeräte für die Luftwaffe, Ventilatoren;RWWA 22-28-12;Gebr. Winkelsträter (auch: Winkelsträter & Sure)
621;Hugo Wippermann Wuppertaler Dampfziegelei;Mauersteine und Dachziegel für OT, Rüstungsbetriebe, Bunkerbau und für das Amt für Sofortmaßnahmen der Stadt Wuppertal;RWWA 22-349-6;Hugo Wippermann
621;Witte & Co.;"Apparate für Flakmunition; Teile für Horch-, Sende- und Empfangsgeräte; Teile für Munition; Metallteile für Flugzeugbau; Aggregate für Fallschirmherstellung; Ventilteile für Pneumatik; sonstiges Wehrmachtsgerät";RWWA 22-349-6;Witte & Co.
621;Wörder & Pandel;"Niet- und Bankhämmer für Flugzeug-, Munitions- und Fahrzeugfabriken; Pionier-Schanzzeuge (Hacken, Axte, Beile); Axte, Beile und Rindenschäler für die Forst- und Landwirtschaft";RWWA 22-349-6;Wörder & Pandel
621;Hermann Wülfing „Wings-Lackfabrik“;Anstrichmittel und Metallschutzstoffe für Waffen, Minen, Flak, Panzerwagen, L K W, Generatoren, Schiffsbauprogramm;RWWA 22-349-6;Hermann Wülfing
621;Robert Zinn, Engels & Co.;Infanterie-Munition und Pistolen, Geschosse 7,5 cm Gr. 38 Walzwerk: Zündhütchenmaterial für Panzer, Flakaktion Metallwarenfabrik: Zulieferungen für Infanteriemunition (Geschoßnäpfchen, Infanteriegranaten), für Panzer, für Zkw, für LKW, für Flugzeuge, für Gewaltaktion 162, Flakaktion;RWWA 22-28-10, RWWA 22-28-12, RWWA 22-349-6;Robert Zinn, Engels & Co.
